<?xml version="1.0" ?>
<zones version="1.0">
    <zone id="Z0001" x="2852.97" y="2260.41" radius="500.00"/>
    <zone id="Z0002" x="2365.64" y="2676.87" radius="500.00"/>
    <zone id="Z0003" x="1875.90" y="2370.95" radius="500.00"/>
    <zone id="Z0004" x="1360.04" y="1295.02" radius="450.00"/>
    <zone id="Z0005" x="2450.88" y="1705.87" radius="450.00"/>
    <zone id="Z0006" x="2213.87" y="465.81" radius="450.00"/>
    <zone id="Z0007" x="2028.18" y="1074.49" radius="500.00"/>
    <zone id="Z0008" x="2647.34" y="896.51" radius="500.00"/>
    <zone id="Z0009" x="1555.46" y="1897.87" radius="500.00"/>
    <zone id="Z0010" x="2802.20" y="3299.90" radius="500.00"/>
    <zone id="Z0011" x="1538.56" y="721.12" radius="500.00"/>
    <zone id="Z0012" x="962.17" y="1802.38" radius="500.00"/>
    <zone id="Z0013" x="4214.90" y="1932.26" radius="500.00"/>
    <zone id="Z0014" x="1263.25" y="3239.52" radius="500.00"/>
    <zone id="Z0015" x="2930.66" y="1425.69" radius="500.00"/>
    <zone id="Z0016" x="290.62" y="1051.96" radius="500.00"/>
</zones>
