<?xml version="1.0" ?>
<nodes version="1.0">
    <node id="FN0001" x="2852.97" y="2260.41" power="18.02" radius="500.00"/>
    <node id="FN0002" x="2365.64" y="2676.87" power="19.22" radius="500.00"/>
    <node id="FN0003" x="1875.90" y="2370.95" power="19.32" radius="500.00"/>
    <node id="FN0004" x="1360.04" y="1295.02" power="17.90" radius="450.00"/>
    <node id="FN0005" x="2450.88" y="1705.87" power="18.28" radius="450.00"/>
    <node id="FN0006" x="2213.87" y="465.81" power="15.24" radius="450.00"/>
    <node id="FN0007" x="2028.18" y="1074.49" power="17.70" radius="500.00"/>
    <node id="FN0008" x="2647.34" y="896.51" power="16.93" radius="500.00"/>
    <node id="FN0009" x="1555.46" y="1897.87" power="18.14" radius="500.00"/>
    <node id="FN0010" x="2802.20" y="3299.90" power="17.15" radius="500.00"/>
    <node id="FN0011" x="1538.56" y="721.12" power="19.41" radius="500.00"/>
    <node id="FN0012" x="962.17" y="1802.38" power="15.56" radius="500.00"/>
    <node id="FN0013" x="4214.90" y="1932.26" power="15.60" radius="500.00"/>
    <node id="FN0014" x="1263.25" y="3239.52" power="17.57" radius="500.00"/>
    <node id="FN0015" x="2930.66" y="1425.69" power="19.41" radius="500.00"/>
    <node id="FN0016" x="290.62" y="1051.96" power="17.91" radius="500.00"/>
</nodes>
